Kind,Name,CountClassCoupled,CountDeclMethod,PercentLackOfCohesion,DATE
Class,org.jfree.chart.JFreeChartInfo,8,2,0,02/06/2003
Class,org.jfree.chart.editor.DefaultAxisEditor,20,17,87,02/06/2003
Class,org.jfree.chart.editor.DefaultChartEditor,19,8,67,02/06/2003
Class,org.jfree.chart.editor.DefaultColorBarEditor,17,5,51,02/06/2003
Class,org.jfree.chart.editor.DefaultNumberAxisEditor,21,13,73,02/06/2003
Class,org.jfree.chart.editor.DefaultPlotEditor,31,15,83,02/06/2003
Class,org.jfree.chart.editor.DefaultTitleEditor,19,10,73,02/06/2003
Class,org.jfree.chart.editor.PaletteChooserPanel,5,2,0,02/06/2003
Class,org.jfree.chart.renderer.LookupPaintScale.PaintItem,6,5,30,02/06/2003
Class,org.jfree.chart.renderer.category.MinMaxCategoryRenderer.getIcon.(Anon_1),6,3,0,02/06/2003
Class,org.jfree.chart.renderer.category.MinMaxCategoryRenderer.getIcon.(Anon_2),6,3,0,02/06/2003
Class,org.jfree.chart.renderer.category.junit.BoxAndWhiskerRendererTests.testBug1572478Horizontal.(Anon_2),2,2,0,02/06/2003
Class,org.jfree.chart.renderer.category.junit.BoxAndWhiskerRendererTests.testBug1572478Vertical.(Anon_1),2,2,0,02/06/2003
Class,org.jfree.data.xy.WindDataItem,2,6,44,02/06/2003
Class,org.jfree.experimental.chart.swt.ChartComposite.ChartComposite.(Anon_1),5,1,0,02/06/2003
Class,org.jfree.experimental.chart.swt.ChartComposite.ChartComposite.(Anon_2),16,1,0,02/06/2003
Class,org.jfree.experimental.chart.swt.editor.SWTAxisEditor,9,9,82,02/06/2003
Class,org.jfree.experimental.chart.swt.editor.SWTAxisEditor.SWTAxisEditor.(Anon_1),2,1,0,02/06/2003
Class,org.jfree.experimental.chart.swt.editor.SWTAxisEditor.SWTAxisEditor.(Anon_2),3,1,0,02/06/2003
Class,org.jfree.experimental.chart.swt.editor.SWTAxisEditor.SWTAxisEditor.(Anon_3),2,1,0,02/06/2003
Class,org.jfree.experimental.chart.swt.editor.SWTChartEditor.SWTChartEditor.(Anon_1),1,1,0,02/06/2003
Class,org.jfree.experimental.chart.swt.editor.SWTChartEditor.SWTChartEditor.(Anon_2),1,1,0,02/06/2003
Class,org.jfree.experimental.chart.swt.editor.SWTNumberAxisEditor,7,7,50,02/06/2003
Class,org.jfree.experimental.chart.swt.editor.SWTNumberAxisEditor.SWTNumberAxisEditor.(Anon_1),1,1,0,02/06/2003
Class,org.jfree.experimental.chart.swt.editor.SWTOtherEditor,4,2,16,02/06/2003
Class,org.jfree.experimental.chart.swt.editor.SWTOtherEditor.SWTOtherEditor.(Anon_1),3,1,0,02/06/2003
Class,org.jfree.experimental.chart.swt.editor.SWTPlotAppearanceEditor,10,5,72,02/06/2003
Class,org.jfree.experimental.chart.swt.editor.SWTPlotAppearanceEditor.SWTPlotAppearanceEditor.(Anon_1),3,1,0,02/06/2003
Class,org.jfree.experimental.chart.swt.editor.SWTPlotAppearanceEditor.SWTPlotAppearanceEditor.(Anon_2),3,1,0,02/06/2003
Class,org.jfree.experimental.chart.swt.editor.SWTPlotAppearanceEditor.SWTPlotAppearanceEditor.(Anon_3),3,1,0,02/06/2003
Class,org.jfree.experimental.chart.swt.editor.SWTPlotAppearanceEditor.SWTPlotAppearanceEditor.(Anon_4),2,1,0,02/06/2003
Class,org.jfree.experimental.chart.swt.editor.SWTPlotEditor,9,5,50,02/06/2003
Class,org.jfree.experimental.chart.swt.editor.SWTStrokeCanvas,3,4,0,02/06/2003
Class,org.jfree.experimental.chart.swt.editor.SWTStrokeCanvas.SWTStrokeCanvas.(Anon_1),2,1,0,02/06/2003
Class,org.jfree.experimental.chart.swt.editor.SWTTitleEditor,7,5,74,02/06/2003
Class,org.jfree.experimental.chart.swt.editor.SWTTitleEditor.SWTTitleEditor.(Anon_1),1,1,0,02/06/2003
Class,org.jfree.experimental.chart.swt.editor.SWTTitleEditor.SWTTitleEditor.(Anon_2),2,1,0,02/06/2003
Class,org.jfree.experimental.chart.swt.editor.SWTTitleEditor.SWTTitleEditor.(Anon_3),3,1,0,02/06/2003
Class,org.jfree.experimental.swt.SWTPaintCanvas.SWTPaintCanvas.(Anon_1),1,1,0,02/06/2003
Private Class,org.jfree.data.general.CombinedDataset.DatasetInfo,1,1,0,02/06/2003
Private Static Class,org.jfree.chart.axis.DateAxis.DefaultTimeline,1,8,0,02/06/2003
Protected Class,org.jfree.chart.axis.SegmentedTimeline.BaseTimelineSegmentRange,0,1,0,02/06/2003
Protected Class,org.jfree.chart.axis.SegmentedTimeline.SegmentRange,3,6,66,02/06/2003
Protected Class,org.jfree.chart.renderer.xy.XYBarRenderer.XYBarRendererState,1,3,33,02/06/2003
Protected Class,org.jfree.data.time.DynamicTimeSeriesCollection.ValueSequence,1,4,25,02/06/2003
Protected Static Class,org.jfree.chart.axis.CyclicNumberAxis.CycleBoundTick,2,1,0,02/06/2003
Protected Static Class,org.jfree.chart.renderer.category.CategoryStepRenderer.State,3,1,0,02/06/2003
Protected Static Class,org.jfree.chart.renderer.xy.CyclicXYItemRenderer.OverwriteDataSet,6,14,76,02/06/2003
Public Abstract Class,org.jfree.chart.ChartFactory,96,34,0,02/06/2003
Public Abstract Class,org.jfree.chart.ChartUtilities,24,26,0,02/06/2003
Public Abstract Class,org.jfree.chart.annotations.AbstractXYAnnotation,10,9,44,02/06/2003
Public Abstract Class,org.jfree.chart.axis.Axis,34,56,94,02/06/2003
Public Abstract Class,org.jfree.chart.axis.Tick,3,8,67,02/06/2003
Public Abstract Class,org.jfree.chart.axis.TickUnit,2,6,58,02/06/2003
Public Abstract Class,org.jfree.chart.axis.ValueAxis,30,68,95,02/06/2003
Public Abstract Class,org.jfree.chart.axis.ValueTick,1,3,0,02/06/2003
Public Abstract Class,org.jfree.chart.labels.AbstractCategoryItemLabelGenerator,12,12,68,02/06/2003
Public Abstract Class,org.jfree.chart.needle.MeterNeedle,17,25,83,02/06/2003
Public Abstract Class,org.jfree.chart.plot.ColorPalette,9,26,83,02/06/2003
Public Abstract Class,org.jfree.chart.plot.ContourPlotUtilities,3,1,0,02/06/2003
Public Abstract Class,org.jfree.chart.plot.Marker,17,35,87,02/06/2003
Public Abstract Class,org.jfree.chart.plot.Plot,44,58,94,02/06/2003
Public Abstract Class,org.jfree.chart.renderer.AbstractRenderer,30,152,96,02/06/2003
Public Abstract Class,org.jfree.chart.renderer.category.AbstractCategoryItemRenderer,48,52,91,02/06/2003
Public Abstract Class,org.jfree.chart.renderer.xy.AbstractXYItemRenderer,52,54,90,02/06/2003
Public Abstract Class,org.jfree.chart.title.Title,12,20,84,02/06/2003
Public Abstract Class,org.jfree.data.DataUtilities,7,5,0,02/06/2003
Public Abstract Class,org.jfree.data.general.AbstractDataset,15,12,72,02/06/2003
Public Abstract Class,org.jfree.data.general.AbstractSeriesDataset,2,5,100,02/06/2003
Public Abstract Class,org.jfree.data.general.Series,10,18,77,02/06/2003
Public Abstract Class,org.jfree.data.statistics.BoxAndWhiskerCalculator,10,4,0,02/06/2003
Public Abstract Class,org.jfree.data.statistics.Regression,3,4,0,02/06/2003
Public Abstract Class,org.jfree.data.statistics.Statistics,9,13,0,02/06/2003
Public Abstract Class,org.jfree.data.time.RegularTimePeriod,15,18,100,02/06/2003
Public Abstract Class,org.jfree.data.xy.AbstractIntervalXYDataset,2,4,0,02/06/2003
Public Abstract Class,org.jfree.data.xy.AbstractXYDataset,3,3,0,02/06/2003
Public Abstract Class,org.jfree.data.xy.AbstractXYZDataset,2,1,0,02/06/2003
Public Abstract Class,org.jfree.experimental.chart.plot.dial.AbstractDialLayer,10,8,43,02/06/2003
Public Abstract Class,org.jfree.experimental.chart.plot.dial.DialPointer,1,7,57,02/06/2003
Public Class,org.jfree.chart.ChartColor,0,2,50,02/06/2003
Public Class,org.jfree.chart.ChartFrame,4,3,33,02/06/2003
Public Class,org.jfree.chart.ChartMouseEvent,3,4,62,02/06/2003
Public Class,org.jfree.chart.ChartPanel,52,95,96,02/06/2003
Public Class,org.jfree.chart.ChartRenderingInfo,11,12,62,02/06/2003
Public Class,org.jfree.chart.ClipPath,13,25,80,02/06/2003
Public Class,org.jfree.chart.DrawableLegendItem,4,17,86,02/06/2003
Public Class,org.jfree.chart.HashUtilities,5,2,0,02/06/2003
Public Class,org.jfree.chart.JFreeChart,60,69,92,02/06/2003
Public Class,org.jfree.chart.LegendItem,15,34,86,02/06/2003
Public Class,org.jfree.chart.LegendItemCollection,5,8,56,02/06/2003
Public Class,org.jfree.chart.LegendRenderingOrder,2,4,68,02/06/2003
Public Class,org.jfree.chart.PaintMap,12,9,11,02/06/2003
Public Class,org.jfree.chart.PolarChartPanel,10,7,71,02/06/2003
Public Class,org.jfree.chart.StrokeMap,12,9,11,02/06/2003
Public Class,org.jfree.chart.annotations.CategoryLineAnnotation,25,19,64,02/06/2003
Public Class,org.jfree.chart.annotations.CategoryPointerAnnotation,31,23,82,02/06/2003
Public Class,org.jfree.chart.annotations.CategoryTextAnnotation,17,11,59,02/06/2003
Public Class,org.jfree.chart.annotations.TextAnnotation,11,17,81,02/06/2003
Public Class,org.jfree.chart.annotations.XYBoxAnnotation,18,9,56,02/06/2003
Public Class,org.jfree.chart.annotations.XYDrawableAnnotation,12,5,36,02/06/2003
Public Class,org.jfree.chart.annotations.XYImageAnnotation,20,12,71,02/06/2003
Public Class,org.jfree.chart.annotations.XYLineAnnotation,21,8,53,02/06/2003
Public Class,org.jfree.chart.annotations.XYPointerAnnotation,27,23,82,02/06/2003
Public Class,org.jfree.chart.annotations.XYPolygonAnnotation,22,13,60,02/06/2003
Public Class,org.jfree.chart.annotations.XYShapeAnnotation,21,9,46,02/06/2003
Public Class,org.jfree.chart.annotations.XYTextAnnotation,21,23,84,02/06/2003
Public Class,org.jfree.chart.annotations.junit.AnnotationsPackageTests,14,3,0,02/06/2003
Public Class,org.jfree.chart.annotations.junit.CategoryLineAnnotationTests,14,6,0,02/06/2003
Public Class,org.jfree.chart.annotations.junit.CategoryPointerAnnotationTests,17,6,0,02/06/2003
Public Class,org.jfree.chart.annotations.junit.CategoryTextAnnotationTests,15,6,0,02/06/2003
Public Class,org.jfree.chart.annotations.junit.TextAnnotationTests,8,4,0,02/06/2003
Public Class,org.jfree.chart.annotations.junit.XYBoxAnnotationTests,17,6,0,02/06/2003
Public Class,org.jfree.chart.annotations.junit.XYDrawableAnnotationTests,15,6,0,02/06/2003
Public Class,org.jfree.chart.annotations.junit.XYImageAnnotationTests,7,5,0,02/06/2003
Public Class,org.jfree.chart.annotations.junit.XYLineAnnotationTests,18,6,0,02/06/2003
Public Class,org.jfree.chart.annotations.junit.XYPointerAnnotationTests,19,6,0,02/06/2003
Public Class,org.jfree.chart.annotations.junit.XYPolygonAnnotationTests,16,6,0,02/06/2003
Public Class,org.jfree.chart.annotations.junit.XYShapeAnnotationTests,17,6,0,02/06/2003
Public Class,org.jfree.chart.annotations.junit.XYTextAnnotationTests,17,6,0,02/06/2003
Public Class,org.jfree.chart.axis.AxisCollection,4,6,50,02/06/2003
Public Class,org.jfree.chart.axis.AxisLocation,4,6,69,02/06/2003
Public Class,org.jfree.chart.axis.AxisSpace,9,19,49,02/06/2003
Public Class,org.jfree.chart.axis.AxisState,2,13,69,02/06/2003
Public Class,org.jfree.chart.axis.CategoryAnchor,2,4,70,02/06/2003
Public Class,org.jfree.chart.axis.CategoryAxis,39,47,91,02/06/2003
Public Class,org.jfree.chart.axis.CategoryAxis3D,12,5,100,02/06/2003
Public Class,org.jfree.chart.axis.CategoryLabelPosition,2,12,75,02/06/2003
Public Class,org.jfree.chart.axis.CategoryLabelPositions,4,11,81,02/06/2003
Public Class,org.jfree.chart.axis.CategoryLabelWidthType,3,4,68,02/06/2003
Public Class,org.jfree.chart.axis.CategoryTick,1,6,33,02/06/2003
Public Class,org.jfree.chart.axis.ColorBar,23,17,79,02/06/2003
Public Class,org.jfree.chart.axis.CompassFormat,6,5,96,02/06/2003
Public Class,org.jfree.chart.axis.CyclicNumberAxis,35,34,86,02/06/2003
Public Class,org.jfree.chart.axis.DateAxis,39,48,93,02/06/2003
Public Class,org.jfree.chart.axis.DateTick,2,4,0,02/06/2003
Public Class,org.jfree.chart.axis.DateTickMarkPosition,2,4,70,02/06/2003
Public Class,org.jfree.chart.axis.DateTickUnit,5,17,83,02/06/2003
Public Class,org.jfree.chart.axis.ExtendedCategoryAxis,15,11,48,02/06/2003
Public Class,org.jfree.chart.axis.LogarithmicAxis,18,28,86,02/06/2003
Public Class,org.jfree.chart.axis.MarkerAxisBand,21,7,50,02/06/2003
Public Class,org.jfree.chart.axis.ModuloAxis,5,16,41,02/06/2003
Public Class,org.jfree.chart.axis.MonthDateFormat,19,11,72,02/06/2003
Public Class,org.jfree.chart.axis.NumberAxis,32,38,93,02/06/2003
Public Class,org.jfree.chart.axis.NumberAxis3D,12,3,100,02/06/2003
Public Class,org.jfree.chart.axis.NumberTick,2,2,0,02/06/2003
Public Class,org.jfree.chart.axis.NumberTickUnit,3,5,60,02/06/2003
Public Class,org.jfree.chart.axis.PeriodAxis,46,46,86,02/06/2003
Public Class,org.jfree.chart.axis.PeriodAxisLabelInfo,18,16,83,02/06/2003
Public Class,org.jfree.chart.axis.QuarterDateFormat,11,6,83,02/06/2003
Public Class,org.jfree.chart.axis.SegmentedTimeline,15,44,94,02/06/2003
Public Class,org.jfree.chart.axis.SegmentedTimeline.Segment,3,29,68,02/06/2003
Public Class,org.jfree.chart.axis.StandardTickUnitSource,4,3,33,02/06/2003
Public Class,org.jfree.chart.axis.SubCategoryAxis,28,13,69,02/06/2003
Public Class,org.jfree.chart.axis.SymbolAxis,36,19,80,02/06/2003
Public Class,org.jfree.chart.axis.TickUnits,9,9,55,02/06/2003
Public Class,org.jfree.chart.axis.junit.AxisLocationTests,13,5,0,02/06/2003
Public Class,org.jfree.chart.axis.junit.AxisPackageTests,33,3,0,02/06/2003
Public Class,org.jfree.chart.axis.junit.AxisSpaceTests,6,5,0,02/06/2003
Public Class,org.jfree.chart.axis.junit.AxisTests,11,5,0,02/06/2003
Public Class,org.jfree.chart.axis.junit.CategoryAnchorTests,13,5,0,02/06/2003
Public Class,org.jfree.chart.axis.junit.CategoryAxis3DTests,15,4,0,02/06/2003
Public Class,org.jfree.chart.axis.junit.CategoryAxisTests,18,7,0,02/06/2003
Public Class,org.jfree.chart.axis.junit.CategoryLabelPositionTests,15,5,0,02/06/2003
Public Class,org.jfree.chart.axis.junit.CategoryLabelPositionsTests,14,5,70,02/06/2003
Public Class,org.jfree.chart.axis.junit.CategoryLabelWidthTypeTests,13,5,0,02/06/2003
Public Class,org.jfree.chart.axis.junit.CategoryTickTests,16,6,0,02/06/2003
Public Class,org.jfree.chart.axis.junit.ColorBarTests,16,6,0,02/06/2003
Public Class,org.jfree.chart.axis.junit.CyclicNumberAxisTests,19,6,0,02/06/2003
Public Class,org.jfree.chart.axis.junit.DateAxisTests,27,17,0,02/06/2003
Public Class,org.jfree.chart.axis.junit.DateTickMarkPositionTests,13,5,0,02/06/2003
Public Class,org.jfree.chart.axis.junit.DateTickTests,17,6,0,02/06/2003
Public Class,org.jfree.chart.axis.junit.DateTickUnitTests,13,5,0,02/06/2003
Public Class,org.jfree.chart.axis.junit.ExtendedCategoryAxisTests,16,7,0,02/06/2003
Public Class,org.jfree.chart.axis.junit.LogarithmicAxisTests,17,13,50,02/06/2003
Public Class,org.jfree.chart.axis.junit.MarkerAxisBandTests,14,5,0,02/06/2003
Public Class,org.jfree.chart.axis.junit.MonthDateFormatTests,15,6,0,02/06/2003
Public Class,org.jfree.chart.axis.junit.NumberAxis3DTests,13,3,0,02/06/2003
Public Class,org.jfree.chart.axis.junit.NumberAxisTests,27,14,42,02/06/2003
Public Class,org.jfree.chart.axis.junit.NumberTickUnitTests,13,6,0,02/06/2003
Public Class,org.jfree.chart.axis.junit.PeriodAxisLabelInfoTests,23,6,0,02/06/2003
Public Class,org.jfree.chart.axis.junit.PeriodAxisTests,28,6,0,02/06/2003
Public Class,org.jfree.chart.axis.junit.QuarterDateFormatTests,13,6,0,02/06/2003
Public Class,org.jfree.chart.axis.junit.SegmentedTimelineTests,29,46,91,02/06/2003
Public Class,org.jfree.chart.axis.junit.SegmentedTimelineTests2,4,11,0,02/06/2003
Public Class,org.jfree.chart.axis.junit.SubCategoryAxisTests,18,6,0,02/06/2003
Public Class,org.jfree.chart.axis.junit.SymbolAxisTests,14,5,0,02/06/2003
Public Class,org.jfree.chart.axis.junit.ValueAxisTests,17,5,80,02/06/2003
Public Class,org.jfree.chart.block.AbstractBlock,16,39,82,02/06/2003
Public Class,org.jfree.chart.block.BlockBorder,11,11,77,02/06/2003
Public Class,org.jfree.chart.block.BlockContainer,18,14,66,02/06/2003
Public Class,org.jfree.chart.block.BlockParams,0,7,57,02/06/2003
Public Class,org.jfree.chart.block.BlockResult,1,3,0,02/06/2003
Public Class,org.jfree.chart.block.BorderArrangement,11,10,41,02/06/2003
Public Class,org.jfree.chart.block.CenterArrangement,11,13,100,02/06/2003
Public Class,org.jfree.chart.block.ColorBlock,8,7,14,02/06/2003
Public Class,org.jfree.chart.block.ColumnArrangement,13,11,78,02/06/2003
Public Class,org.jfree.chart.block.EmptyBlock,3,4,100,02/06/2003
Public Class,org.jfree.chart.block.FlowArrangement,12,14,82,02/06/2003
Public Class,org.jfree.chart.block.GridArrangement,12,9,62,02/06/2003
Public Class,org.jfree.chart.block.LabelBlock,20,18,71,02/06/2003
Public Class,org.jfree.chart.block.LengthConstraintType,2,5,72,02/06/2003
Public Class,org.jfree.chart.block.LineBorder,14,9,48,02/06/2003
Public Class,org.jfree.chart.block.RectangleConstraint,4,19,65,02/06/2003
Public Class,org.jfree.chart.block.junit.AbstractBlockTests,17,5,0,02/06/2003
Public Class,org.jfree.chart.block.junit.BlockBorderTests,14,5,0,02/06/2003
Public Class,org.jfree.chart.block.junit.BlockContainerTests,17,5,0,02/06/2003
Public Class,org.jfree.chart.block.junit.BlockPackageTests,14,3,0,02/06/2003
Public Class,org.jfree.chart.block.junit.BorderArrangementTests,22,7,71,02/06/2003
Public Class,org.jfree.chart.block.junit.ColorBlockTests,17,5,0,02/06/2003
Public Class,org.jfree.chart.block.junit.ColumnArrangementTests,15,5,0,02/06/2003
Public Class,org.jfree.chart.block.junit.EmptyBlockTests,13,5,0,02/06/2003
Public Class,org.jfree.chart.block.junit.FlowArrangementTests,14,5,0,02/06/2003
Public Class,org.jfree.chart.block.junit.GridArrangementTests,17,8,75,02/06/2003
Public Class,org.jfree.chart.block.junit.LabelBlockTests,15,5,0,02/06/2003
Public Class,org.jfree.chart.block.junit.LineBorderTests,15,5,0,02/06/2003
Public Class,org.jfree.chart.block.junit.RectangleConstraintTests,5,3,66,02/06/2003
Public Class,org.jfree.chart.demo.BarChartDemo1,20,4,0,02/06/2003
Public Class,org.jfree.chart.demo.PieChartDemo1,11,5,0,02/06/2003
Public Class,org.jfree.chart.demo.TimeSeriesChartDemo1,19,5,0,02/06/2003
Public Class,org.jfree.chart.editor.ChartEditorManager,5,4,25,02/06/2003
Public Class,org.jfree.chart.editor.DefaultChartEditorFactory,3,2,0,02/06/2003
Public Class,org.jfree.chart.editor.PaletteSample,10,6,50,02/06/2003
Public Class,org.jfree.chart.encoders.EncoderUtil,6,8,0,02/06/2003
Public Class,org.jfree.chart.encoders.ImageEncoderFactory,8,6,50,02/06/2003
Public Class,org.jfree.chart.encoders.KeypointPNGEncoderAdapter,4,6,33,02/06/2003
Public Class,org.jfree.chart.encoders.SunJPEGEncoderAdapter,12,7,57,02/06/2003
Public Class,org.jfree.chart.encoders.SunPNGEncoderAdapter,7,6,0,02/06/2003
Public Class,org.jfree.chart.entity.CategoryItemEntity,3,11,69,02/06/2003
Public Class,org.jfree.chart.entity.CategoryLabelEntity,4,3,0,02/06/2003
Public Class,org.jfree.chart.entity.ChartEntity,14,19,75,02/06/2003
Public Class,org.jfree.chart.entity.ContourEntity,3,6,75,02/06/2003
Public Class,org.jfree.chart.entity.LegendItemEntity,2,5,70,02/06/2003
Public Class,org.jfree.chart.entity.PieSectionEntity,4,10,70,02/06/2003
Public Class,org.jfree.chart.entity.StandardEntityCollection,9,11,50,02/06/2003
Public Class,org.jfree.chart.entity.TickLabelEntity,2,1,100,02/06/2003
Public Class,org.jfree.chart.entity.XYAnnotationEntity,2,4,50,02/06/2003
Public Class,org.jfree.chart.entity.XYItemEntity,3,9,69,02/06/2003
Public Class,org.jfree.chart.entity.junit.CategoryItemEntityTests,18,5,0,02/06/2003
Public Class,org.jfree.chart.entity.junit.ContourEntityTests,17,5,0,02/06/2003
Public Class,org.jfree.chart.entity.junit.EntityPackageTests,9,3,0,02/06/2003
Public Class,org.jfree.chart.entity.junit.LegendItemEntityTests,17,5,0,02/06/2003
Public Class,org.jfree.chart.entity.junit.PieSectionEntityTests,18,5,0,02/06/2003
Public Class,org.jfree.chart.entity.junit.StandardEntityCollectionTests,16,5,0,02/06/2003
Public Class,org.jfree.chart.entity.junit.TickLabelEntityTests,17,5,0,02/06/2003
Public Class,org.jfree.chart.entity.junit.XYItemEntityTests,18,5,0,02/06/2003
Public Class,org.jfree.chart.event.AxisChangeEvent,1,2,0,02/06/2003
Public Class,org.jfree.chart.event.ChartChangeEvent,2,7,57,02/06/2003
Public Class,org.jfree.chart.event.ChartChangeEventType,2,5,72,02/06/2003
Public Class,org.jfree.chart.event.ChartProgressEvent,1,7,77,02/06/2003
Public Class,org.jfree.chart.event.MarkerChangeEvent,1,2,0,02/06/2003
Public Class,org.jfree.chart.event.PlotChangeEvent,1,2,0,02/06/2003
Public Class,org.jfree.chart.event.RendererChangeEvent,0,2,0,02/06/2003
Public Class,org.jfree.chart.event.TitleChangeEvent,1,2,0,02/06/2003
Public Class,org.jfree.chart.imagemap.DynamicDriveToolTipTagFragmentGenerator,1,3,33,02/06/2003
Public Class,org.jfree.chart.imagemap.ImageMapUtilities,12,5,0,02/06/2003
Public Class,org.jfree.chart.imagemap.OverLIBToolTipTagFragmentGenerator,1,1,0,02/06/2003
Public Class,org.jfree.chart.imagemap.StandardToolTipTagFragmentGenerator,1,1,0,02/06/2003
Public Class,org.jfree.chart.imagemap.StandardURLTagFragmentGenerator,1,1,0,02/06/2003
Public Class,org.jfree.chart.junit.AreaChartTests,24,8,37,02/06/2003
Public Class,org.jfree.chart.junit.BarChart3DTests,24,8,37,02/06/2003
Public Class,org.jfree.chart.junit.BarChartTests,24,8,37,02/06/2003
Public Class,org.jfree.chart.junit.ChartPackageTests,29,1,0,02/06/2003
Public Class,org.jfree.chart.junit.ChartPanelTests,10,7,0,02/06/2003
Public Class,org.jfree.chart.junit.ChartRenderingInfoTests,19,6,0,02/06/2003
Public Class,org.jfree.chart.junit.GanttChartTests,25,11,54,02/06/2003
Public Class,org.jfree.chart.junit.HashUtilitiesTests,3,3,0,02/06/2003
Public Class,org.jfree.chart.junit.JFreeChartTestSuite,21,2,0,02/06/2003
Public Class,org.jfree.chart.junit.JFreeChartTests,29,10,80,02/06/2003
Public Class,org.jfree.chart.junit.LegendItemCollectionTests,19,5,0,02/06/2003
Public Class,org.jfree.chart.junit.LegendItemTests,21,6,0,02/06/2003
Public Class,org.jfree.chart.junit.LineChart3DTests,24,8,37,02/06/2003
Public Class,org.jfree.chart.junit.LineChartTests,24,8,37,02/06/2003
Public Class,org.jfree.chart.junit.MeterChartTests,13,3,0,02/06/2003
Public Class,org.jfree.chart.junit.PaintMapTests,16,9,0,02/06/2003
Public Class,org.jfree.chart.junit.PieChart3DTests,15,6,66,02/06/2003
Public Class,org.jfree.chart.junit.PieChartTests,8,5,60,02/06/2003
Public Class,org.jfree.chart.junit.ScatterPlotTests,22,7,42,02/06/2003
Public Class,org.jfree.chart.junit.StackedAreaChartTests,24,8,37,02/06/2003
Public Class,org.jfree.chart.junit.StackedBarChart3DTests,24,8,37,02/06/2003
Public Class,org.jfree.chart.junit.StackedBarChartTests,24,8,37,02/06/2003
Public Class,org.jfree.chart.junit.StrokeMapTests,14,8,0,02/06/2003
Public Class,org.jfree.chart.junit.TimeSeriesChartTests,21,7,42,02/06/2003
Public Class,org.jfree.chart.junit.WaterfallChartTests,21,7,42,02/06/2003
Public Class,org.jfree.chart.junit.XYAreaChartTests,22,7,42,02/06/2003
Public Class,org.jfree.chart.junit.XYBarChartTests,24,7,42,02/06/2003
Public Class,org.jfree.chart.junit.XYLineChartTests,22,7,42,02/06/2003
Public Class,org.jfree.chart.junit.XYStepAreaChartTests,22,7,42,02/06/2003
Public Class,org.jfree.chart.junit.XYStepChartTests,22,7,42,02/06/2003
Public Class,org.jfree.chart.labels.AbstractPieItemLabelGenerator,11,8,56,02/06/2003
Public Class,org.jfree.chart.labels.AbstractXYItemLabelGenerator,10,14,75,02/06/2003
Public Class,org.jfree.chart.labels.BoxAndWhiskerToolTipGenerator,8,4,87,02/06/2003
Public Class,org.jfree.chart.labels.BoxAndWhiskerXYToolTipGenerator,9,4,87,02/06/2003
Public Class,org.jfree.chart.labels.BubbleXYItemLabelGenerator,10,9,75,02/06/2003
Public Class,org.jfree.chart.labels.CustomXYToolTipGenerator,5,8,68,02/06/2003
Public Class,org.jfree.chart.labels.HighLowItemLabelGenerator,10,6,55,02/06/2003
Public Class,org.jfree.chart.labels.IntervalCategoryItemLabelGenerator,9,4,87,02/06/2003
Public Class,org.jfree.chart.labels.IntervalCategoryToolTipGenerator,9,4,87,02/06/2003
Public Class,org.jfree.chart.labels.ItemLabelAnchor,2,4,74,02/06/2003
Public Class,org.jfree.chart.labels.ItemLabelPosition,2,8,70,02/06/2003
Public Class,org.jfree.chart.labels.MultipleXYSeriesLabelGenerator,14,8,67,02/06/2003
Public Class,org.jfree.chart.labels.StandardCategoryItemLabelGenerator,4,6,91,02/06/2003
Public Class,org.jfree.chart.labels.StandardCategorySeriesLabelGenerator,6,6,77,02/06/2003
Public Class,org.jfree.chart.labels.StandardCategoryToolTipGenerator,4,5,90,02/06/2003
Public Class,org.jfree.chart.labels.StandardContourToolTipGenerator,11,2,50,02/06/2003
Public Class,org.jfree.chart.labels.StandardPieSectionLabelGenerator,7,9,81,02/06/2003
Public Class,org.jfree.chart.labels.StandardPieToolTipGenerator,5,5,93,02/06/2003
Public Class,org.jfree.chart.labels.StandardXYItemLabelGenerator,5,8,93,02/06/2003
Public Class,org.jfree.chart.labels.StandardXYSeriesLabelGenerator,6,6,77,02/06/2003
Public Class,org.jfree.chart.labels.StandardXYToolTipGenerator,5,9,88,02/06/2003
Public Class,org.jfree.chart.labels.StandardXYZToolTipGenerator,10,9,75,02/06/2003
Public Class,org.jfree.chart.labels.SymbolicXYItemLabelGenerator,10,5,100,02/06/2003
Public Class,org.jfree.chart.labels.junit.BoxAndWhiskerToolTipGeneratorTests,16,5,0,02/06/2003
Public Class,org.jfree.chart.labels.junit.BoxAndWhiskerXYToolTipGeneratorTests,17,5,0,02/06/2003
Public Class,org.jfree.chart.labels.junit.BubbleXYItemLabelGeneratorTests,21,6,0,02/06/2003
Public Class,org.jfree.chart.labels.junit.CustomXYItemLabelGeneratorTests,16,4,0,02/06/2003
Public Class,org.jfree.chart.labels.junit.HighLowItemLabelGeneratorTests,17,5,0,02/06/2003
Public Class,org.jfree.chart.labels.junit.IntervalCategoryLabelGeneratorTests,19,5,0,02/06/2003
Public Class,org.jfree.chart.labels.junit.ItemLabelAnchorTests,13,4,0,02/06/2003
Public Class,org.jfree.chart.labels.junit.ItemLabelPositionTests,13,4,0,02/06/2003
Public Class,org.jfree.chart.labels.junit.LabelsPackageTests,22,3,0,02/06/2003
Public Class,org.jfree.chart.labels.junit.MultipleXYSeriesLabelGeneratorTests,12,5,0,02/06/2003
Public Class,org.jfree.chart.labels.junit.StandardCategoryItemLabelGeneratorTests,20,7,0,02/06/2003
Public Class,org.jfree.chart.labels.junit.StandardCategorySeriesLabelGeneratorTests,15,6,0,02/06/2003
Public Class,org.jfree.chart.labels.junit.StandardCategoryToolTipGeneratorTests,19,6,0,02/06/2003
Public Class,org.jfree.chart.labels.junit.StandardContourToolTipGeneratorTests,13,3,0,02/06/2003
Public Class,org.jfree.chart.labels.junit.StandardPieSectionLabelGeneratorTests,15,6,0,02/06/2003
Public Class,org.jfree.chart.labels.junit.StandardPieToolTipGeneratorTests,17,5,0,02/06/2003
Public Class,org.jfree.chart.labels.junit.StandardXYItemLabelGeneratorTests,17,5,0,02/06/2003
Public Class,org.jfree.chart.labels.junit.StandardXYSeriesLabelGeneratorTests,14,6,0,02/06/2003
Public Class,org.jfree.chart.labels.junit.StandardXYToolTipGeneratorTests,18,5,0,02/06/2003
Public Class,org.jfree.chart.labels.junit.StandardXYZToolTipGeneratorTests,19,5,0,02/06/2003
Public Class,org.jfree.chart.labels.junit.SymbolicXYItemLabelGeneratorTests,14,5,0,02/06/2003
Public Class,org.jfree.chart.needle.ArrowNeedle,12,4,62,02/06/2003
Public Class,org.jfree.chart.needle.LineNeedle,9,3,100,02/06/2003
Public Class,org.jfree.chart.needle.LongNeedle,10,4,100,02/06/2003
Public Class,org.jfree.chart.needle.MiddlePinNeedle,12,3,100,02/06/2003
Public Class,org.jfree.chart.needle.PinNeedle,12,3,100,02/06/2003
Public Class,org.jfree.chart.needle.PlumNeedle,10,3,100,02/06/2003
Public Class,org.jfree.chart.needle.PointerNeedle,9,3,100,02/06/2003
Public Class,org.jfree.chart.needle.ShipNeedle,11,3,100,02/06/2003
Public Class,org.jfree.chart.needle.WindNeedle,5,3,100,02/06/2003
Public Class,org.jfree.chart.needle.junit.ArrowNeedleTests,14,5,0,02/06/2003
Public Class,org.jfree.chart.needle.junit.LineNeedleTests,14,5,0,02/06/2003
Public Class,org.jfree.chart.needle.junit.LongNeedleTests,14,5,0,02/06/2003
Public Class,org.jfree.chart.needle.junit.MeterNeedleTests,8,3,0,02/06/2003
Public Class,org.jfree.chart.needle.junit.MiddlePinNeedleTests,14,5,0,02/06/2003
Public Class,org.jfree.chart.needle.junit.NeedlePackageTests,12,3,0,02/06/2003
Public Class,org.jfree.chart.needle.junit.PinNeedleTests,14,5,0,02/06/2003
Public Class,org.jfree.chart.needle.junit.PlumNeedleTests,14,5,0,02/06/2003
Public Class,org.jfree.chart.needle.junit.PointerNeedleTests,14,5,0,02/06/2003
Public Class,org.jfree.chart.needle.junit.ShipNeedleTests,14,5,0,02/06/2003
Public Class,org.jfree.chart.needle.junit.WindNeedleTests,15,5,0,02/06/2003
Public Class,org.jfree.chart.plot.CategoryMarker,7,8,56,02/06/2003
Public Class,org.jfree.chart.plot.CategoryPlot,66,155,96,02/06/2003
Public Class,org.jfree.chart.plot.CombinedDomainCategoryPlot,21,22,76,02/06/2003
Public Class,org.jfree.chart.plot.CombinedDomainXYPlot,25,24,79,02/06/2003
Public Class,org.jfree.chart.plot.CombinedRangeCategoryPlot,26,19,73,02/06/2003
Public Class,org.jfree.chart.plot.CombinedRangeXYPlot,26,23,78,02/06/2003
Public Class,org.jfree.chart.plot.CompassPlot,44,34,90,02/06/2003
Public Class,org.jfree.chart.plot.ContourPlot,54,79,96,02/06/2003
Public Class,org.jfree.chart.plot.CrosshairState,3,22,83,02/06/2003
Public Class,org.jfree.chart.plot.DatasetRenderingOrder,2,4,68,02/06/2003
Public Class,org.jfree.chart.plot.DefaultDrawingSupplier,17,15,83,02/06/2003
Public Class,org.jfree.chart.plot.DialShape,2,4,70,02/06/2003
Public Class,org.jfree.chart.plot.FastScatterPlot,37,41,88,02/06/2003
Public Class,org.jfree.chart.plot.GreyPalette,0,2,100,02/06/2003
Public Class,org.jfree.chart.plot.IntervalMarker,6,10,70,02/06/2003
Public Class,org.jfree.chart.plot.JThermometer,17,26,77,02/06/2003
Public Class,org.jfree.chart.plot.MeterInterval,11,10,65,02/06/2003
Public Class,org.jfree.chart.plot.MeterPlot,50,55,92,02/06/2003
Public Class,org.jfree.chart.plot.MultiplePiePlot,42,21,75,02/06/2003
Public Class,org.jfree.chart.plot.PieLabelDistributor,7,12,41,02/06/2003
Public Class,org.jfree.chart.plot.PieLabelRecord,1,15,79,02/06/2003
Public Class,org.jfree.chart.plot.PiePlot,62,120,95,02/06/2003
Public Class,org.jfree.chart.plot.PiePlot3D,40,10,80,02/06/2003
Public Class,org.jfree.chart.plot.PiePlotState,2,21,89,02/06/2003
Public Class,org.jfree.chart.plot.PlotOrientation,2,4,68,02/06/2003
Public Class,org.jfree.chart.plot.PlotRenderingInfo,12,14,70,02/06/2003
Public Class,org.jfree.chart.plot.PlotState,2,2,0,02/06/2003
Public Class,org.jfree.chart.plot.PolarPlot,47,54,91,02/06/2003
Public Class,org.jfree.chart.plot.RainbowPalette,1,2,62,02/06/2003
Public Class,org.jfree.chart.plot.RingPlot,37,20,75,02/06/2003
Public Class,org.jfree.chart.plot.SeriesRenderingOrder,2,4,68,02/06/2003
Public Class,org.jfree.chart.plot.SpiderWebPlot,55,68,93,02/06/2003
Public Class,org.jfree.chart.plot.ThermometerPlot,47,67,95,02/06/2003
Public Class,org.jfree.chart.plot.ValueMarker,3,6,16,02/06/2003
Public Class,org.jfree.chart.plot.WaferMapPlot,28,13,92,02/06/2003
Public Class,org.jfree.chart.plot.XYPlot,66,184,97,02/06/2003
Public Class,org.jfree.chart.plot.junit.CategoryMarkerTests,18,8,62,02/06/2003
Public Class,org.jfree.chart.plot.junit.CategoryPlotTests,52,15,0,02/06/2003
Public Class,org.jfree.chart.plot.junit.ColorPaletteTests,7,4,0,02/06/2003
Public Class,org.jfree.chart.plot.junit.CombinedDomainCategoryPlotTests,25,9,0,02/06/2003
Public Class,org.jfree.chart.plot.junit.CombinedDomainXYPlotTests,27,10,0,02/06/2003
Public Class,org.jfree.chart.plot.junit.CombinedRangeCategoryPlotTests,24,9,0,02/06/2003
Public Class,org.jfree.chart.plot.junit.CombinedRangeXYPlotTests,27,9,0,02/06/2003
Public Class,org.jfree.chart.plot.junit.CompassPlotTests,16,5,0,02/06/2003
Public Class,org.jfree.chart.plot.junit.ContourPlotTests,13,3,0,02/06/2003
Public Class,org.jfree.chart.plot.junit.DefaultDrawingSupplierTests,21,5,0,02/06/2003
Public Class,org.jfree.chart.plot.junit.FastScatterPlotTests,23,7,0,02/06/2003
Public Class,org.jfree.chart.plot.junit.IntervalMarkerTests,14,8,68,02/06/2003
Public Class,org.jfree.chart.plot.junit.MarkerTests,14,17,58,02/06/2003
Public Class,org.jfree.chart.plot.junit.MeterIntervalTests,17,5,0,02/06/2003
Public Class,org.jfree.chart.plot.junit.MeterPlotTests,21,6,0,02/06/2003
Public Class,org.jfree.chart.plot.junit.MultiplePiePlotTests,18,5,0,02/06/2003
Public Class,org.jfree.chart.plot.junit.MyPlotChangeListener,1,4,0,02/06/2003
Public Class,org.jfree.chart.plot.junit.PiePlot3DTests,11,4,0,02/06/2003
Public Class,org.jfree.chart.plot.junit.PiePlotTests,32,12,0,02/06/2003
Public Class,org.jfree.chart.plot.junit.PlotOrientationTests,13,4,0,02/06/2003
Public Class,org.jfree.chart.plot.junit.PlotPackageTests,29,3,0,02/06/2003
Public Class,org.jfree.chart.plot.junit.PlotRenderingInfoTests,18,5,0,02/06/2003
Public Class,org.jfree.chart.plot.junit.PlotTests,14,3,0,02/06/2003
Public Class,org.jfree.chart.plot.junit.PolarPlotTests,23,5,0,02/06/2003
Public Class,org.jfree.chart.plot.junit.RingPlotTests,17,5,0,02/06/2003
Public Class,org.jfree.chart.plot.junit.SpiderWebPlotTests,28,6,0,02/06/2003
Public Class,org.jfree.chart.plot.junit.ThermometerPlotTests,18,4,0,02/06/2003
Public Class,org.jfree.chart.plot.junit.ValueMarkerTests,18,7,78,02/06/2003
Public Class,org.jfree.chart.plot.junit.XYPlotTests,58,24,0,02/06/2003
Public Class,org.jfree.chart.renderer.AreaRendererEndType,2,4,70,02/06/2003
Public Class,org.jfree.chart.renderer.DefaultPolarItemRenderer,29,12,70,02/06/2003
Public Class,org.jfree.chart.renderer.GrayPaintScale,5,7,42,02/06/2003
Public Class,org.jfree.chart.renderer.LookupPaintScale,13,11,56,02/06/2003
Public Class,org.jfree.chart.renderer.NotOutlierException,1,1,0,02/06/2003
Public Class,org.jfree.chart.renderer.Outlier,3,10,65,02/06/2003
Public Class,org.jfree.chart.renderer.OutlierList,6,9,70,02/06/2003
Public Class,org.jfree.chart.renderer.OutlierListCollection,5,8,70,02/06/2003
Public Class,org.jfree.chart.renderer.RendererState,3,3,0,02/06/2003
Public Class,org.jfree.chart.renderer.WaferMapRenderer,23,15,77,02/06/2003
Public Class,org.jfree.chart.renderer.category.AreaRenderer,27,7,64,02/06/2003
Public Class,org.jfree.chart.renderer.category.BarRenderer,37,33,90,02/06/2003
Public Class,org.jfree.chart.renderer.category.BarRenderer3D,44,16,81,02/06/2003
Public Class,org.jfree.chart.renderer.category.BoxAndWhiskerRenderer,46,19,76,02/06/2003
Public Class,org.jfree.chart.renderer.category.CategoryItemRendererState,1,5,40,02/06/2003
Public Class,org.jfree.chart.renderer.category.CategoryStepRenderer,22,9,81,02/06/2003
Public Class,org.jfree.chart.renderer.category.DefaultCategoryItemRenderer,0,0,0,02/06/2003
Public Class,org.jfree.chart.renderer.category.GanttRenderer,30,15,73,02/06/2003
Public Class,org.jfree.chart.renderer.category.GroupedStackedBarRenderer,29,7,50,02/06/2003
Public Class,org.jfree.chart.renderer.category.IntervalBarRenderer,23,3,100,02/06/2003
Public Class,org.jfree.chart.renderer.category.LayeredBarRenderer,25,7,78,02/06/2003
Public Class,org.jfree.chart.renderer.category.LevelRenderer,26,13,82,02/06/2003
Public Class,org.jfree.chart.renderer.category.LineAndShapeRenderer,23,40,88,02/06/2003
Public Class,org.jfree.chart.renderer.category.LineRenderer3D,38,16,79,02/06/2003
Public Class,org.jfree.chart.renderer.category.MinMaxCategoryRenderer,35,18,84,02/06/2003
Public Class,org.jfree.chart.renderer.category.StackedAreaRenderer,19,9,61,02/06/2003
Public Class,org.jfree.chart.renderer.category.StackedBarRenderer,24,9,66,02/06/2003
Public Class,org.jfree.chart.renderer.category.StackedBarRenderer3D,34,15,76,02/06/2003
Public Class,org.jfree.chart.renderer.category.StatisticalBarRenderer,26,9,55,02/06/2003
Public Class,org.jfree.chart.renderer.category.StatisticalLineAndShapeRenderer,28,8,56,02/06/2003
Public Class,org.jfree.chart.renderer.category.WaterfallBarRenderer,28,15,68,02/06/2003
Public Class,org.jfree.chart.renderer.category.junit.AbstractCategoryItemRendererTests,11,7,0,02/06/2003
Public Class,org.jfree.chart.renderer.category.junit.AreaRendererTests,14,6,0,02/06/2003
Public Class,org.jfree.chart.renderer.category.junit.BarRenderer3DTests,15,6,0,02/06/2003
Public Class,org.jfree.chart.renderer.category.junit.BarRendererTests,21,7,0,02/06/2003
Public Class,org.jfree.chart.renderer.category.junit.BoxAndWhiskerRendererTests,32,9,0,02/06/2003
Public Class,org.jfree.chart.renderer.category.junit.CategoryStepRendererTests,13,5,0,02/06/2003
Public Class,org.jfree.chart.renderer.category.junit.DefaultCategoryItemRendererTests,16,6,0,02/06/2003
Public Class,org.jfree.chart.renderer.category.junit.GanttRendererTests,15,6,0,02/06/2003
Public Class,org.jfree.chart.renderer.category.junit.GroupedStackedBarRendererTests,22,6,0,02/06/2003
Public Class,org.jfree.chart.renderer.category.junit.IntervalBarRendererTests,22,7,0,02/06/2003
Public Class,org.jfree.chart.renderer.category.junit.LayeredBarRendererTests,22,7,0,02/06/2003
Public Class,org.jfree.chart.renderer.category.junit.LevelRendererTests,21,8,0,02/06/2003
Public Class,org.jfree.chart.renderer.category.junit.LineAndShapeRendererTests,16,7,0,02/06/2003
Public Class,org.jfree.chart.renderer.category.junit.LineRenderer3DTests,17,7,0,02/06/2003
Public Class,org.jfree.chart.renderer.category.junit.MinMaxCategoryRendererTests,21,7,0,02/06/2003
Public Class,org.jfree.chart.renderer.category.junit.RendererCategoryPackageTests,23,3,0,02/06/2003
Public Class,org.jfree.chart.renderer.category.junit.StackedAreaRendererTests,14,6,0,02/06/2003
Public Class,org.jfree.chart.renderer.category.junit.StackedBarRenderer3DTests,17,23,0,02/06/2003
Public Class,org.jfree.chart.renderer.category.junit.StackedBarRendererTests,15,6,0,02/06/2003
Public Class,org.jfree.chart.renderer.category.junit.StatisticalBarRendererTests,22,7,0,02/06/2003
Public Class,org.jfree.chart.renderer.category.junit.StatisticalLineAndShapeRendererTests,23,8,0,02/06/2003
Public Class,org.jfree.chart.renderer.category.junit.WaterfallBarRendererTests,16,6,0,02/06/2003
Public Class,org.jfree.chart.renderer.junit.AbstractRendererTests,32,18,0,02/06/2003
Public Class,org.jfree.chart.renderer.junit.AreaRendererEndTypeTests,13,4,0,02/06/2003
Public Class,org.jfree.chart.renderer.junit.DefaultPolarItemRendererTests,13,6,0,02/06/2003
Public Class,org.jfree.chart.renderer.junit.GrayPaintScaleTests,12,5,0,02/06/2003
Public Class,org.jfree.chart.renderer.junit.LookupPaintScaleTests,15,8,75,02/06/2003
Public Class,org.jfree.chart.renderer.junit.RendererChangeDetector,1,4,0,02/06/2003
Public Class,org.jfree.chart.renderer.junit.RendererPackageTests,7,2,0,02/06/2003
Public Class,org.jfree.chart.renderer.xy.CandlestickRenderer,36,28,87,02/06/2003
Public Class,org.jfree.chart.renderer.xy.ClusteredXYBarRenderer,24,5,70,02/06/2003
Public Class,org.jfree.chart.renderer.xy.CyclicXYItemRenderer,13,5,100,02/06/2003
Public Class,org.jfree.chart.renderer.xy.DefaultXYItemRenderer,0,0,0,02/06/2003
Public Class,org.jfree.chart.renderer.xy.DeviationRenderer,22,11,54,02/06/2003
Public Class,org.jfree.chart.renderer.xy.HighLowRenderer,31,14,71,02/06/2003
Public Class,org.jfree.chart.renderer.xy.StackedXYAreaRenderer,33,16,79,02/06/2003
Public Class,org.jfree.chart.renderer.xy.StackedXYAreaRenderer2,24,12,79,02/06/2003
Public Class,org.jfree.chart.renderer.xy.StackedXYBarRenderer,29,10,65,02/06/2003
Public Class,org.jfree.chart.renderer.xy.StandardXYItemRenderer,40,37,90,02/06/2003
Public Class,org.jfree.chart.renderer.xy.WindItemRenderer,20,3,100,02/06/2003
Public Class,org.jfree.chart.renderer.xy.XYAreaRenderer,35,17,85,02/06/2003
Public Class,org.jfree.chart.renderer.xy.XYAreaRenderer2,34,13,69,02/06/2003
Public Class,org.jfree.chart.renderer.xy.XYBarRenderer,43,29,85,02/06/2003
Public Class,org.jfree.chart.renderer.xy.XYBlockRenderer,21,15,68,02/06/2003
Public Class,org.jfree.chart.renderer.xy.XYBoxAndWhiskerRenderer,43,21,80,02/06/2003
Public Class,org.jfree.chart.renderer.xy.XYBubbleRenderer,27,7,82,02/06/2003
Public Class,org.jfree.chart.renderer.xy.XYDifferenceRenderer,35,25,81,02/06/2003
Public Class,org.jfree.chart.renderer.xy.XYDotRenderer,14,8,58,02/06/2003
Public Class,org.jfree.chart.renderer.xy.XYErrorRenderer,21,15,63,02/06/2003
Public Class,org.jfree.chart.renderer.xy.XYItemRendererState,3,1,0,02/06/2003
Public Class,org.jfree.chart.renderer.xy.XYLine3DRenderer,5,12,85,02/06/2003
Public Class,org.jfree.chart.renderer.xy.XYLineAndShapeRenderer,32,52,90,02/06/2003
Public Class,org.jfree.chart.renderer.xy.XYStepAreaRenderer,25,18,87,02/06/2003
Public Class,org.jfree.chart.renderer.xy.XYStepRenderer,22,4,100,02/06/2003
Public Class,org.jfree.chart.renderer.xy.YIntervalRenderer,22,3,100,02/06/2003
Public Class,org.jfree.chart.renderer.xy.junit.AbstractXYItemRendererTests,12,8,87,02/06/2003
Public Class,org.jfree.chart.renderer.xy.junit.CandlestickRendererTests,21,7,0,02/06/2003
Public Class,org.jfree.chart.renderer.xy.junit.ClusteredXYBarRendererTests,15,6,0,02/06/2003
Public Class,org.jfree.chart.renderer.xy.junit.DeviationRendererTests,14,6,0,02/06/2003
Public Class,org.jfree.chart.renderer.xy.junit.HighLowRendererTests,20,7,0,02/06/2003
Public Class,org.jfree.chart.renderer.xy.junit.RendererXYPackageTests,29,5,0,02/06/2003
Public Class,org.jfree.chart.renderer.xy.junit.StackedXYAreaRenderer2Tests,28,8,0,02/06/2003
Public Class,org.jfree.chart.renderer.xy.junit.StackedXYAreaRendererTests,30,9,0,02/06/2003
Public Class,org.jfree.chart.renderer.xy.junit.StackedXYBarRendererTests,25,8,0,02/06/2003
Public Class,org.jfree.chart.renderer.xy.junit.StandardXYItemRendererTests,18,6,0,02/06/2003
Public Class,org.jfree.chart.renderer.xy.junit.WindItemRendererTests,16,6,0,02/06/2003
Public Class,org.jfree.chart.renderer.xy.junit.XYAreaRenderer2Tests,20,7,0,02/06/2003
Public Class,org.jfree.chart.renderer.xy.junit.XYAreaRendererTests,23,7,0,02/06/2003
Public Class,org.jfree.chart.renderer.xy.junit.XYBarRendererTests,27,8,0,02/06/2003
Public Class,org.jfree.chart.renderer.xy.junit.XYBlockRendererTests,17,6,0,02/06/2003
Public Class,org.jfree.chart.renderer.xy.junit.XYBoxAndWhiskerRendererTests,17,6,0,02/06/2003
Public Class,org.jfree.chart.renderer.xy.junit.XYBubbleRendererTests,13,6,0,02/06/2003
Public Class,org.jfree.chart.renderer.xy.junit.XYDifferenceRendererTests,18,6,0,02/06/2003
Public Class,org.jfree.chart.renderer.xy.junit.XYDotRendererTests,13,6,0,02/06/2003
Public Class,org.jfree.chart.renderer.xy.junit.XYErrorRendererTests,16,6,0,02/06/2003
Public Class,org.jfree.chart.renderer.xy.junit.XYLineAndShapeRendererTests,27,8,0,02/06/2003
Public Class,org.jfree.chart.renderer.xy.junit.XYStepAreaRendererTests,19,7,0,02/06/2003
Public Class,org.jfree.chart.renderer.xy.junit.XYStepRendererTests,22,7,0,02/06/2003
Public Class,org.jfree.chart.renderer.xy.junit.YIntervalRendererTests,21,6,0,02/06/2003
Public Class,org.jfree.chart.resources.JFreeChartResources,0,1,0,02/06/2003
Public Class,org.jfree.chart.servlet.ChartDeleter,6,5,40,02/06/2003
Public Class,org.jfree.chart.servlet.DisplayChart,6,3,0,02/06/2003
Public Class,org.jfree.chart.servlet.ServletUtilities,22,14,71,02/06/2003
Public Class,org.jfree.chart.title.CompositeTitle,6,8,62,02/06/2003
Public Class,org.jfree.chart.title.DateTitle,6,5,100,02/06/2003
Public Class,org.jfree.chart.title.ImageTitle,8,9,44,02/06/2003
Public Class,org.jfree.chart.title.LegendGraphic,18,38,84,02/06/2003
Public Class,org.jfree.chart.title.LegendItemBlockContainer,12,8,71,02/06/2003
Public Class,org.jfree.chart.title.LegendTitle,26,30,87,02/06/2003
Public Class,org.jfree.chart.title.PaintScaleLegend,27,26,79,02/06/2003
Public Class,org.jfree.chart.title.TextTitle,25,31,84,02/06/2003
Public Class,org.jfree.chart.title.junit.CompositeTitleTests,20,6,0,02/06/2003
Public Class,org.jfree.chart.title.junit.DateTitleTests,17,6,0,02/06/2003
Public Class,org.jfree.chart.title.junit.ImageTitleTests,9,7,85,02/06/2003
Public Class,org.jfree.chart.title.junit.LegendGraphicTests,22,7,0,02/06/2003
Public Class,org.jfree.chart.title.junit.LegendTitleTests,20,6,0,02/06/2003
Public Class,org.jfree.chart.title.junit.PaintScaleLegendTests,20,6,0,02/06/2003
Public Class,org.jfree.chart.title.junit.TextTitleTests,17,6,0,02/06/2003
Public Class,org.jfree.chart.title.junit.TitlePackageTests,10,3,0,02/06/2003
Public Class,org.jfree.chart.title.junit.TitleTests,4,4,0,02/06/2003
Public Class,org.jfree.chart.urls.CustomPieURLGenerator,9,8,56,02/06/2003
Public Class,org.jfree.chart.urls.CustomXYURLGenerator,4,7,71,02/06/2003
Public Class,org.jfree.chart.urls.StandardCategoryURLGenerator,7,7,53,02/06/2003
Public Class,org.jfree.chart.urls.StandardPieURLGenerator,4,6,62,02/06/2003
Public Class,org.jfree.chart.urls.StandardXYURLGenerator,3,5,60,02/06/2003
Public Class,org.jfree.chart.urls.StandardXYZURLGenerator,2,1,0,02/06/2003
Public Class,org.jfree.chart.urls.TimeSeriesURLGenerator,6,3,46,02/06/2003
Public Class,org.jfree.chart.urls.junit.CustomXYURLGeneratorTests,15,3,0,02/06/2003
Public Class,org.jfree.chart.urls.junit.StandardCategoryURLGeneratorTests,13,3,0,02/06/2003
Public Class,org.jfree.chart.urls.junit.StandardPieURLGeneratorTests,13,5,0,02/06/2003
Public Class,org.jfree.chart.urls.junit.StandardXYURLGeneratorTests,13,3,0,02/06/2003
Public Class,org.jfree.chart.urls.junit.UrlsPackageTests,6,3,0,02/06/2003
Public Class,org.jfree.chart.util.RelativeDateFormat,12,22,80,02/06/2003
Public Class,org.jfree.chart.util.junit.RelativeDateFormatTests,5,5,0,02/06/2003
Public Class,org.jfree.chart.util.junit.UtilPackageTests,3,3,0,02/06/2003
Public Class,org.jfree.data.ComparableObjectItem,2,8,58,02/06/2003
Public Class,org.jfree.data.ComparableObjectSeries,8,20,66,02/06/2003
Public Class,org.jfree.data.DefaultKeyedValue,3,7,57,02/06/2003
Public Class,org.jfree.data.DefaultKeyedValues,16,19,65,02/06/2003
Public Class,org.jfree.data.DefaultKeyedValues2D,10,23,67,02/06/2003
Public Class,org.jfree.data.DomainOrder,2,5,72,02/06/2003
Public Class,org.jfree.data.KeyToGroupMap,15,12,60,02/06/2003
Public Class,org.jfree.data.KeyedObject,2,6,55,02/06/2003
Public Class,org.jfree.data.KeyedObjects,6,13,65,02/06/2003
Public Class,org.jfree.data.KeyedObjects2D,7,21,70,02/06/2003
Public Class,org.jfree.data.KeyedValueComparator,6,4,25,02/06/2003
Public Class,org.jfree.data.KeyedValueComparatorType,1,4,66,02/06/2003
Public Class,org.jfree.data.Range,4,17,60,02/06/2003
Public Class,org.jfree.data.RangeType,2,5,72,02/06/2003
Public Class,org.jfree.data.UnknownKeyException,1,1,0,02/06/2003
Public Class,org.jfree.data.category.CategoryToPieDataset,10,12,58,02/06/2003
Public Class,org.jfree.data.category.DefaultCategoryDataset,6,25,58,02/06/2003
Public Class,org.jfree.data.category.DefaultIntervalCategoryDataset,13,35,77,02/06/2003
Public Class,org.jfree.data.category.junit.CategoryToPieDatasetTests,17,8,0,02/06/2003
Public Class,org.jfree.data.category.junit.DataCategoryPackageTests,5,3,0,02/06/2003
Public Class,org.jfree.data.category.junit.DefaultCategoryDatasetTests,16,12,0,02/06/2003
Public Class,org.jfree.data.category.junit.DefaultIntervalCategoryDatasetTests,15,9,0,02/06/2003
Public Class,org.jfree.data.contour.DefaultContourDataset,11,26,82,02/06/2003
Public Class,org.jfree.data.contour.NonGridContourDataset,4,5,80,02/06/2003
Public Class,org.jfree.data.function.LineFunction2D,0,2,0,02/06/2003
Public Class,org.jfree.data.function.NormalDistributionFunction2D,1,4,25,02/06/2003
Public Class,org.jfree.data.function.PowerFunction2D,1,2,0,02/06/2003
Public Class,org.jfree.data.gantt.Task,9,15,76,02/06/2003
Public Class,org.jfree.data.gantt.TaskSeries,6,9,0,02/06/2003
Public Class,org.jfree.data.gantt.TaskSeriesCollection,15,36,75,02/06/2003
Public Class,org.jfree.data.gantt.junit.DataGanttPackageTests,5,3,0,02/06/2003
Public Class,org.jfree.data.gantt.junit.TaskSeriesCollectionTests,26,29,0,02/06/2003
Public Class,org.jfree.data.gantt.junit.TaskSeriesTests,17,6,0,02/06/2003
Public Class,org.jfree.data.gantt.junit.TaskTests,16,6,0,02/06/2003
Public Class,org.jfree.data.general.CombinedDataset,9,30,80,02/06/2003
Public Class,org.jfree.data.general.DatasetChangeEvent,1,2,0,02/06/2003
Public Class,org.jfree.data.general.DatasetGroup,3,5,60,02/06/2003
Public Class,org.jfree.data.general.DatasetUtilities,30,41,0,02/06/2003
Public Class,org.jfree.data.general.DefaultKeyedValueDataset,6,10,65,02/06/2003
Public Class,org.jfree.data.general.DefaultKeyedValues2DDataset,0,0,0,02/06/2003
Public Class,org.jfree.data.general.DefaultKeyedValuesDataset,0,0,0,02/06/2003
Public Class,org.jfree.data.general.DefaultPieDataset,8,17,55,02/06/2003
Public Class,org.jfree.data.general.DefaultValueDataset,3,7,64,02/06/2003
Public Class,org.jfree.data.general.SeriesChangeEvent,0,1,100,02/06/2003
Public Class,org.jfree.data.general.SeriesException,1,1,100,02/06/2003
Public Class,org.jfree.data.general.SubSeriesDataset,3,23,32,02/06/2003
Public Class,org.jfree.data.general.WaferMapDataset,7,19,83,02/06/2003
Public Class,org.jfree.data.general.junit.DataGeneralPackageTests,8,3,0,02/06/2003
Public Class,org.jfree.data.general.junit.DatasetGroupTests,13,3,0,02/06/2003
Public Class,org.jfree.data.general.junit.DatasetUtilitiesTests,21,32,65,02/06/2003
Public Class,org.jfree.data.general.junit.DefaultKeyedValueDatasetTests,15,6,0,02/06/2003
Public Class,org.jfree.data.general.junit.DefaultKeyedValues2DDatasetTests,17,4,0,02/06/2003
Public Class,org.jfree.data.general.junit.DefaultKeyedValuesDatasetTests,18,4,0,02/06/2003
Public Class,org.jfree.data.general.junit.DefaultPieDatasetTests,20,8,75,02/06/2003
Public Class,org.jfree.data.io.CSV,10,6,58,02/06/2003
Public Class,org.jfree.data.jdbc.JDBCCategoryDataset,19,7,57,02/06/2003
Public Class,org.jfree.data.jdbc.JDBCPieDataset,17,6,33,02/06/2003
Public Class,org.jfree.data.jdbc.JDBCXYDataset,21,20,81,02/06/2003
Public Class,org.jfree.data.junit.ComparableObjectItemTests,14,7,0,02/06/2003
Public Class,org.jfree.data.junit.ComparableObjectSeriesTests,16,6,0,02/06/2003
Public Class,org.jfree.data.junit.DataPackageTests,15,3,0,02/06/2003
Public Class,org.jfree.data.junit.DataUtilitiesTests,4,3,33,02/06/2003
Public Class,org.jfree.data.junit.DefaultKeyedValueTests,15,5,0,02/06/2003
Public Class,org.jfree.data.junit.DefaultKeyedValues2DTests,17,14,92,02/06/2003
Public Class,org.jfree.data.junit.DefaultKeyedValuesTests,18,15,0,02/06/2003
Public Class,org.jfree.data.junit.DomainOrderTests,13,5,0,02/06/2003
Public Class,org.jfree.data.junit.KeyToGroupMapTests,16,10,0,02/06/2003
Public Class,org.jfree.data.junit.KeyedObjectTests,14,5,0,02/06/2003
Public Class,org.jfree.data.junit.KeyedObjects2DTests,16,4,0,02/06/2003
Public Class,org.jfree.data.junit.KeyedObjectsTests,16,6,0,02/06/2003
Public Class,org.jfree.data.junit.RangeTests,14,8,0,02/06/2003
Public Class,org.jfree.data.junit.RangeTypeTests,13,5,0,02/06/2003
Public Class,org.jfree.data.resources.DataPackageResources,0,1,0,02/06/2003
Public Class,org.jfree.data.resources.DataPackageResources_de,0,1,0,02/06/2003
Public Class,org.jfree.data.resources.DataPackageResources_es,0,1,0,02/06/2003
Public Class,org.jfree.data.resources.DataPackageResources_fr,0,1,0,02/06/2003
Public Class,org.jfree.data.resources.DataPackageResources_pl,0,1,0,02/06/2003
Public Class,org.jfree.data.resources.DataPackageResources_ru,0,1,0,02/06/2003
Public Class,org.jfree.data.statistics.BoxAndWhiskerItem,4,12,74,02/06/2003
Public Class,org.jfree.data.statistics.DefaultBoxAndWhiskerCategoryDataset,8,36,72,02/06/2003
Public Class,org.jfree.data.statistics.DefaultBoxAndWhiskerXYDataset,10,25,84,02/06/2003
Public Class,org.jfree.data.statistics.DefaultStatisticalCategoryDataset,7,21,72,02/06/2003
Public Class,org.jfree.data.statistics.HistogramBin,2,8,62,02/06/2003
Public Class,org.jfree.data.statistics.HistogramDataset,14,21,79,02/06/2003
Public Class,org.jfree.data.statistics.HistogramType,2,5,72,02/06/2003
Public Class,org.jfree.data.statistics.MeanAndStandardDeviation,2,5,60,02/06/2003
Public Class,org.jfree.data.statistics.SimpleHistogramBin,3,11,63,02/06/2003
Public Class,org.jfree.data.statistics.SimpleHistogramDataset,12,25,82,02/06/2003
Public Class,org.jfree.data.statistics.junit.BoxAndWhiskerCalculatorTests,9,6,33,02/06/2003
Public Class,org.jfree.data.statistics.junit.BoxAndWhiskerItemTests,15,4,0,02/06/2003
Public Class,org.jfree.data.statistics.junit.DataStatisticsPackageTests,13,3,0,02/06/2003
Public Class,org.jfree.data.statistics.junit.DefaultBoxAndWhiskerCategoryDatasetTests,16,4,0,02/06/2003
Public Class,org.jfree.data.statistics.junit.DefaultStatisticalCategoryDatasetTests,15,7,0,02/06/2003
Public Class,org.jfree.data.statistics.junit.HistogramBinTests,14,5,0,02/06/2003
Public Class,org.jfree.data.statistics.junit.HistogramDatasetTests,17,10,60,02/06/2003
Public Class,org.jfree.data.statistics.junit.MeanAndStandardDeviationTests,14,5,0,02/06/2003
Public Class,org.jfree.data.statistics.junit.RegressionTests,6,12,0,02/06/2003
Public Class,org.jfree.data.statistics.junit.SimpleHistogramBinTests,15,7,0,02/06/2003
Public Class,org.jfree.data.statistics.junit.SimpleHistogramDatasetTests,15,5,0,02/06/2003
Public Class,org.jfree.data.statistics.junit.StatisticsTests,12,14,85,02/06/2003
Public Class,org.jfree.data.time.DateRange,3,7,61,02/06/2003
Public Class,org.jfree.data.time.Day,8,22,87,02/06/2003
Public Class,org.jfree.data.time.DynamicTimeSeriesCollection,17,42,91,02/06/2003
Public Class,org.jfree.data.time.FixedMillisecond,3,17,58,02/06/2003
Public Class,org.jfree.data.time.Hour,8,22,77,02/06/2003
Public Class,org.jfree.data.time.Millisecond,6,18,75,02/06/2003
Public Class,org.jfree.data.time.Minute,9,21,78,02/06/2003
Public Class,org.jfree.data.time.Month,7,23,73,02/06/2003
Public Class,org.jfree.data.time.MovingAverage,13,6,0,02/06/2003
Public Class,org.jfree.data.time.Quarter,8,21,78,02/06/2003
Public Class,org.jfree.data.time.Second,10,19,75,02/06/2003
Public Class,org.jfree.data.time.SimpleTimePeriod,2,7,61,02/06/2003
Public Class,org.jfree.data.time.TimePeriodAnchor,2,5,72,02/06/2003
Public Class,org.jfree.data.time.TimePeriodFormatException,1,1,0,02/06/2003
Public Class,org.jfree.data.time.TimePeriodValue,6,8,62,02/06/2003
Public Class,org.jfree.data.time.TimePeriodValues,12,27,87,02/06/2003
Public Class,org.jfree.data.time.TimePeriodValuesCollection,16,24,77,02/06/2003
Public Class,org.jfree.data.time.TimeSeries,25,44,88,02/06/2003
Public Class,org.jfree.data.time.TimeSeriesCollection,19,32,79,02/06/2003
Public Class,org.jfree.data.time.TimeSeriesDataItem,6,9,66,02/06/2003
Public Class,org.jfree.data.time.TimeSeriesTableModel,11,11,77,02/06/2003
Public Class,org.jfree.data.time.TimeTableXYDataset,16,31,79,02/06/2003
Public Class,org.jfree.data.time.Week,10,24,76,02/06/2003
Public Class,org.jfree.data.time.Year,8,18,77,02/06/2003
Public Class,org.jfree.data.time.junit.DataTimePackageTests,23,3,0,02/06/2003
Public Class,org.jfree.data.time.junit.DateRangeTests,16,5,0,02/06/2003
Public Class,org.jfree.data.time.junit.DayTests,24,25,0,02/06/2003
Public Class,org.jfree.data.time.junit.FixedMillisecondTests,14,5,0,02/06/2003
Public Class,org.jfree.data.time.junit.HourTests,22,25,0,02/06/2003
Public Class,org.jfree.data.time.junit.MillisecondTests,25,21,0,02/06/2003
Public Class,org.jfree.data.time.junit.MinuteTests,23,21,0,02/06/2003
Public Class,org.jfree.data.time.junit.MonthTests,23,25,90,02/06/2003
Public Class,org.jfree.data.time.junit.MovingAverageTests,6,4,75,02/06/2003
Public Class,org.jfree.data.time.junit.QuarterTests,24,26,90,02/06/2003
Public Class,org.jfree.data.time.junit.SecondTests,24,20,0,02/06/2003
Public Class,org.jfree.data.time.junit.SimpleTimePeriodTests,15,9,0,02/06/2003
Public Class,org.jfree.data.time.junit.TimePeriodAnchorTests,13,4,0,02/06/2003
Public Class,org.jfree.data.time.junit.TimePeriodValueTests,14,6,0,02/06/2003
Public Class,org.jfree.data.time.junit.TimePeriodValuesCollectionTests,16,7,0,02/06/2003
Public Class,org.jfree.data.time.junit.TimePeriodValuesTests,27,9,88,02/06/2003
Public Class,org.jfree.data.time.junit.TimeSeriesCollectionTests,19,8,0,02/06/2003
Public Class,org.jfree.data.time.junit.TimeSeriesDataItemTests,15,6,0,02/06/2003
Public Class,org.jfree.data.time.junit.TimeSeriesTests,28,22,88,02/06/2003
Public Class,org.jfree.data.time.junit.TimeTableXYDatasetTests,18,7,85,02/06/2003
Public Class,org.jfree.data.time.junit.WeekTests,22,25,90,02/06/2003
Public Class,org.jfree.data.time.junit.YearTests,22,25,0,02/06/2003
Public Class,org.jfree.data.time.ohlc.OHLC,0,6,50,02/06/2003
Public Class,org.jfree.data.time.ohlc.OHLCItem,3,7,0,02/06/2003
Public Class,org.jfree.data.time.ohlc.OHLCSeries,5,4,0,02/06/2003
Public Class,org.jfree.data.time.ohlc.OHLCSeriesCollection,13,22,70,02/06/2003
Public Class,org.jfree.data.time.ohlc.junit.OHLCItemTests,14,6,83,02/06/2003
Public Class,org.jfree.data.time.ohlc.junit.OHLCPackageTests,6,3,0,02/06/2003
Public Class,org.jfree.data.time.ohlc.junit.OHLCSeriesCollectionTests,17,6,0,02/06/2003
Public Class,org.jfree.data.time.ohlc.junit.OHLCSeriesTests,17,10,0,02/06/2003
Public Class,org.jfree.data.time.ohlc.junit.OHLCTests,12,5,0,02/06/2003
Public Class,org.jfree.data.xml.CategoryDatasetHandler,9,5,19,02/06/2003
Public Class,org.jfree.data.xml.CategorySeriesHandler,11,5,46,02/06/2003
Public Class,org.jfree.data.xml.DatasetReader,15,4,0,02/06/2003
Public Class,org.jfree.data.xml.ItemHandler,10,7,53,02/06/2003
Public Class,org.jfree.data.xml.KeyHandler,7,6,55,02/06/2003
Public Class,org.jfree.data.xml.PieDatasetHandler,9,5,19,02/06/2003
Public Class,org.jfree.data.xml.RootHandler,3,6,16,02/06/2003
Public Class,org.jfree.data.xml.ValueHandler,9,6,50,02/06/2003
Public Class,org.jfree.data.xy.CategoryTableXYDataset,8,25,56,02/06/2003
Public Class,org.jfree.data.xy.DefaultHighLowDataset,7,19,82,02/06/2003
Public Class,org.jfree.data.xy.DefaultIntervalXYDataset,10,20,52,02/06/2003
Public Class,org.jfree.data.xy.DefaultOHLCDataset,7,19,63,02/06/2003
Public Class,org.jfree.data.xy.DefaultTableXYDataset,15,35,72,02/06/2003
Public Class,org.jfree.data.xy.DefaultWindDataset,12,13,53,02/06/2003
Public Class,org.jfree.data.xy.DefaultXYDataset,11,15,40,02/06/2003
Public Class,org.jfree.data.xy.DefaultXYZDataset,11,17,44,02/06/2003
Public Class,org.jfree.data.xy.IntervalXYDelegate,10,21,78,02/06/2003
Public Class,org.jfree.data.xy.MatrixSeries,3,11,72,02/06/2003
Public Class,org.jfree.data.xy.MatrixSeriesCollection,9,16,59,02/06/2003
Public Class,org.jfree.data.xy.NormalizedMatrixSeries,3,6,61,02/06/2003
Public Class,org.jfree.data.xy.OHLCDataItem,5,9,71,02/06/2003
Public Class,org.jfree.data.xy.XIntervalDataItem,3,5,0,02/06/2003
Public Class,org.jfree.data.xy.XIntervalSeries,4,6,0,02/06/2003
Public Class,org.jfree.data.xy.XIntervalSeriesCollection,11,14,28,02/06/2003
Public Class,org.jfree.data.xy.XYBarDataset,5,22,47,02/06/2003
Public Class,org.jfree.data.xy.XYDataItem,4,10,66,02/06/2003
Public Class,org.jfree.data.xy.XYDatasetTableModel,6,10,40,02/06/2003
Public Class,org.jfree.data.xy.XYInterval,0,7,57,02/06/2003
Public Class,org.jfree.data.xy.XYIntervalDataItem,2,7,0,02/06/2003
Public Class,org.jfree.data.xy.XYIntervalSeries,4,10,0,02/06/2003
Public Class,org.jfree.data.xy.XYIntervalSeriesCollection,10,19,36,02/06/2003
Public Class,org.jfree.data.xy.XYSeries,13,34,81,02/06/2003
Public Class,org.jfree.data.xy.XYSeriesCollection,13,29,70,02/06/2003
Public Class,org.jfree.data.xy.YInterval,0,5,40,02/06/2003
Public Class,org.jfree.data.xy.YIntervalDataItem,2,5,0,02/06/2003
Public Class,org.jfree.data.xy.YIntervalSeries,4,8,0,02/06/2003
Public Class,org.jfree.data.xy.YIntervalSeriesCollection,10,17,23,02/06/2003
Public Class,org.jfree.data.xy.YWithXInterval,0,5,40,02/06/2003
Public Class,org.jfree.data.xy.junit.CategoryTableXYDatasetTests,15,6,83,02/06/2003
Public Class,org.jfree.data.xy.junit.DataXYPackageTests,31,3,0,02/06/2003
Public Class,org.jfree.data.xy.junit.DefaultHighLowDatasetTests,14,5,0,02/06/2003
Public Class,org.jfree.data.xy.junit.DefaultIntervalXYDatasetTests,14,18,61,02/06/2003
Public Class,org.jfree.data.xy.junit.DefaultOHLCDatasetTests,19,6,83,02/06/2003
Public Class,org.jfree.data.xy.junit.DefaultTableXYDatasetTests,18,7,85,02/06/2003
Public Class,org.jfree.data.xy.junit.DefaultWindDatasetTests,19,9,0,02/06/2003
Public Class,org.jfree.data.xy.junit.DefaultXYDatasetTests,13,9,88,02/06/2003
Public Class,org.jfree.data.xy.junit.DefaultXYZDatasetTests,13,9,88,02/06/2003
Public Class,org.jfree.data.xy.junit.IntervalXYDelegateTests,16,5,0,02/06/2003
Public Class,org.jfree.data.xy.junit.MatrixSeriesCollectionTests,14,5,0,02/06/2003
Public Class,org.jfree.data.xy.junit.MatrixSeriesTests,14,8,0,02/06/2003
Public Class,org.jfree.data.xy.junit.OHLCDataItemTests,13,5,0,02/06/2003
Public Class,org.jfree.data.xy.junit.TableXYDatasetTests,18,14,0,02/06/2003
Public Class,org.jfree.data.xy.junit.XIntervalDataItemTests,14,6,83,02/06/2003
Public Class,org.jfree.data.xy.junit.XIntervalSeriesCollectionTests,16,6,0,02/06/2003
Public Class,org.jfree.data.xy.junit.XIntervalSeriesTests,17,12,66,02/06/2003
Public Class,org.jfree.data.xy.junit.XYBarDatasetTests,13,5,0,02/06/2003
Public Class,org.jfree.data.xy.junit.XYDataItemTests,15,5,0,02/06/2003
Public Class,org.jfree.data.xy.junit.XYIntervalDataItemTests,14,6,83,02/06/2003
Public Class,org.jfree.data.xy.junit.XYIntervalSeriesCollectionTests,15,6,0,02/06/2003
Public Class,org.jfree.data.xy.junit.XYIntervalSeriesTests,17,13,61,02/06/2003
Public Class,org.jfree.data.xy.junit.XYIntervalTests,12,5,0,02/06/2003
Public Class,org.jfree.data.xy.junit.XYSeriesCollectionTests,16,8,0,02/06/2003
Public Class,org.jfree.data.xy.junit.XYSeriesTests,20,18,61,02/06/2003
Public Class,org.jfree.data.xy.junit.YIntervalDataItemTests,14,6,83,02/06/2003
Public Class,org.jfree.data.xy.junit.YIntervalSeriesCollectionTests,16,6,0,02/06/2003
Public Class,org.jfree.data.xy.junit.YIntervalSeriesTests,17,12,66,02/06/2003
Public Class,org.jfree.data.xy.junit.YIntervalTests,12,5,0,02/06/2003
Public Class,org.jfree.data.xy.junit.YWithXIntervalTests,12,5,0,02/06/2003
Public Class,org.jfree.experimental.chart.annotations.XYTitleAnnotation,26,15,74,02/06/2003
Public Class,org.jfree.experimental.chart.axis.LogAxis,20,24,83,02/06/2003
Public Class,org.jfree.experimental.chart.demo.DialDemo1,25,3,33,02/06/2003
Public Class,org.jfree.experimental.chart.demo.DialDemo2,27,3,33,02/06/2003
Public Class,org.jfree.experimental.chart.demo.DialDemo3,21,3,33,02/06/2003
Public Class,org.jfree.experimental.chart.demo.DialDemo4,22,3,33,02/06/2003
Public Class,org.jfree.experimental.chart.demo.DialDemo5,23,3,33,02/06/2003
Public Class,org.jfree.experimental.chart.demo.LogAxisDemo1,13,5,0,02/06/2003
Public Class,org.jfree.experimental.chart.demo.VectorPlotDemo1,17,5,0,02/06/2003
Public Class,org.jfree.experimental.chart.demo.XYTitleAnnotationDemo1,26,5,0,02/06/2003
Public Class,org.jfree.experimental.chart.plot.dial.DialBackground,14,13,46,02/06/2003
Public Class,org.jfree.experimental.chart.plot.dial.DialCap,18,16,54,02/06/2003
Public Class,org.jfree.experimental.chart.plot.dial.DialLayerChangeEvent,1,2,0,02/06/2003
Public Class,org.jfree.experimental.chart.plot.dial.DialPlot,31,32,83,02/06/2003
Public Class,org.jfree.experimental.chart.plot.dial.DialTextAnnotation,20,18,66,02/06/2003
Public Class,org.jfree.experimental.chart.plot.dial.DialValueIndicator,28,36,83,02/06/2003
Public Class,org.jfree.experimental.chart.plot.dial.SimpleDialFrame,21,17,54,02/06/2003
Public Class,org.jfree.experimental.chart.plot.dial.StandardDialFrame,24,25,70,02/06/2003
Public Class,org.jfree.experimental.chart.plot.dial.StandardDialRange,18,21,73,02/06/2003
Public Class,org.jfree.experimental.chart.plot.dial.StandardDialScale,23,38,86,02/06/2003
Public Class,org.jfree.experimental.chart.plot.dial.junit.DialBackgroundTests,14,6,0,02/06/2003
Public Class,org.jfree.experimental.chart.plot.dial.junit.DialCapTests,15,6,0,02/06/2003
Public Class,org.jfree.experimental.chart.plot.dial.junit.DialPackageTests,11,3,0,02/06/2003
Public Class,org.jfree.experimental.chart.plot.dial.junit.DialPlotTests,19,6,0,02/06/2003
Public Class,org.jfree.experimental.chart.plot.dial.junit.DialTextAnnotationTests,14,6,0,02/06/2003
Public Class,org.jfree.experimental.chart.plot.dial.junit.DialValueIndicatorTests,17,6,0,02/06/2003
Public Class,org.jfree.experimental.chart.plot.dial.junit.SimpleDialFrameTests,15,6,0,02/06/2003
Public Class,org.jfree.experimental.chart.plot.dial.junit.StandardDialFrameTests,15,6,0,02/06/2003
Public Class,org.jfree.experimental.chart.plot.dial.junit.StandardDialRangeTests,14,6,0,02/06/2003
Public Class,org.jfree.experimental.chart.plot.dial.junit.StandardDialScaleTests,16,6,0,02/06/2003
Public Class,org.jfree.experimental.chart.renderer.xy.VectorRenderer,21,6,66,02/06/2003
Public Class,org.jfree.experimental.chart.renderer.xy.junit.VectorRendererTests,14,6,0,02/06/2003
Public Class,org.jfree.experimental.chart.swt.ChartComposite,29,51,95,02/06/2003
Public Class,org.jfree.experimental.chart.swt.demo.SWTBarChartDemo1,16,3,0,02/06/2003
Public Class,org.jfree.experimental.chart.swt.demo.SWTMultipleAxisDemo1,22,4,0,02/06/2003
Public Class,org.jfree.experimental.chart.swt.demo.SWTPieChartDemo1,10,3,0,02/06/2003
Public Class,org.jfree.experimental.chart.swt.demo.SWTTimeSeriesDemo,16,3,0,02/06/2003
Public Class,org.jfree.experimental.chart.swt.editor.SWTChartEditor,5,3,44,02/06/2003
Public Class,org.jfree.experimental.chart.util.XYCoordinateType,2,4,62,02/06/2003
Public Class,org.jfree.experimental.data.xy.Vector,1,5,19,02/06/2003
Public Class,org.jfree.experimental.data.xy.VectorDataItem,3,5,0,02/06/2003
Public Class,org.jfree.experimental.data.xy.VectorSeries,3,8,0,02/06/2003
Public Class,org.jfree.experimental.data.xy.VectorSeriesCollection,11,16,37,02/06/2003
Public Class,org.jfree.experimental.data.xy.XYCoordinate,3,8,25,02/06/2003
Public Class,org.jfree.experimental.data.xy.junit.VectorDataItemTests,13,6,0,02/06/2003
Public Class,org.jfree.experimental.data.xy.junit.VectorSeriesCollectionTests,14,5,0,02/06/2003
Public Class,org.jfree.experimental.data.xy.junit.VectorSeriesTests,16,12,58,02/06/2003
Public Class,org.jfree.experimental.data.xy.junit.VectorTests,12,6,0,02/06/2003
Public Class,org.jfree.experimental.data.xy.junit.XYCoordinateTests,12,6,0,02/06/2003
Public Class,org.jfree.experimental.swt.SWTGraphics2D,33,77,55,02/06/2003
Public Class,org.jfree.experimental.swt.SWTPaintCanvas,0,7,57,02/06/2003
Public Class,org.jfree.experimental.swt.SWTUtils,16,12,83,02/06/2003
Public Interface,org.jfree.chart.ChartMouseListener,1,2,0,02/06/2003
Public Interface,org.jfree.chart.Effect3D,0,2,0,02/06/2003
Public Interface,org.jfree.chart.LegendItemSource,1,1,0,02/06/2003
Public Interface,org.jfree.chart.annotations.CategoryAnnotation,5,1,0,02/06/2003
Public Interface,org.jfree.chart.annotations.XYAnnotation,5,1,0,02/06/2003
Public Interface,org.jfree.chart.axis.TickUnitSource,1,3,0,02/06/2003
Public Interface,org.jfree.chart.axis.Timeline,1,7,0,02/06/2003
Public Interface,org.jfree.chart.block.Arrangement,4,3,0,02/06/2003
Public Interface,org.jfree.chart.block.Block,4,7,0,02/06/2003
Public Interface,org.jfree.chart.block.BlockFrame,2,2,0,02/06/2003
Public Interface,org.jfree.chart.block.EntityBlockParams,0,1,0,02/06/2003
Public Interface,org.jfree.chart.block.EntityBlockResult,1,1,0,02/06/2003
Public Interface,org.jfree.chart.editor.ChartEditor,1,1,0,02/06/2003
Public Interface,org.jfree.chart.editor.ChartEditorFactory,2,1,0,02/06/2003
Public Interface,org.jfree.chart.encoders.ImageEncoder,3,6,0,02/06/2003
Public Interface,org.jfree.chart.encoders.ImageFormat,1,0,0,02/06/2003
Public Interface,org.jfree.chart.entity.EntityCollection,3,8,0,02/06/2003
Public Interface,org.jfree.chart.event.AxisChangeListener,1,1,0,02/06/2003
Public Interface,org.jfree.chart.event.ChartChangeListener,1,1,0,02/06/2003
Public Interface,org.jfree.chart.event.ChartProgressListener,1,1,0,02/06/2003
Public Interface,org.jfree.chart.event.MarkerChangeListener,1,1,0,02/06/2003
Public Interface,org.jfree.chart.event.PlotChangeListener,1,1,0,02/06/2003
Public Interface,org.jfree.chart.event.RendererChangeListener,1,1,0,02/06/2003
Public Interface,org.jfree.chart.event.TitleChangeListener,1,1,0,02/06/2003
Public Interface,org.jfree.chart.imagemap.ToolTipTagFragmentGenerator,1,1,0,02/06/2003
Public Interface,org.jfree.chart.imagemap.URLTagFragmentGenerator,1,1,0,02/06/2003
Public Interface,org.jfree.chart.labels.CategoryItemLabelGenerator,2,3,0,02/06/2003
Public Interface,org.jfree.chart.labels.CategorySeriesLabelGenerator,2,1,0,02/06/2003
Public Interface,org.jfree.chart.labels.CategoryToolTipGenerator,2,1,0,02/06/2003
Public Interface,org.jfree.chart.labels.ContourToolTipGenerator,2,1,0,02/06/2003
Public Interface,org.jfree.chart.labels.PieSectionLabelGenerator,4,2,0,02/06/2003
Public Interface,org.jfree.chart.labels.PieToolTipGenerator,3,1,0,02/06/2003
Public Interface,org.jfree.chart.labels.XYItemLabelGenerator,2,1,0,02/06/2003
Public Interface,org.jfree.chart.labels.XYSeriesLabelGenerator,2,1,0,02/06/2003
Public Interface,org.jfree.chart.labels.XYToolTipGenerator,2,1,0,02/06/2003
Public Interface,org.jfree.chart.labels.XYZToolTipGenerator,2,1,0,02/06/2003
Public Interface,org.jfree.chart.plot.ContourValuePlot,1,1,0,02/06/2003
Public Interface,org.jfree.chart.plot.DrawingSupplier,3,5,0,02/06/2003
Public Interface,org.jfree.chart.plot.ValueAxisPlot,2,1,0,02/06/2003
Public Interface,org.jfree.chart.plot.Zoomable,3,7,0,02/06/2003
Public Interface,org.jfree.chart.renderer.PaintScale,1,3,0,02/06/2003
Public Interface,org.jfree.chart.renderer.PolarItemRenderer,9,8,0,02/06/2003
Public Interface,org.jfree.chart.renderer.category.CategoryItemRenderer,22,131,0,02/06/2003
Public Interface,org.jfree.chart.renderer.xy.XYItemRenderer,23,134,0,02/06/2003
Public Interface,org.jfree.chart.urls.CategoryURLGenerator,2,1,0,02/06/2003
Public Interface,org.jfree.chart.urls.PieURLGenerator,3,1,0,02/06/2003
Public Interface,org.jfree.chart.urls.XYURLGenerator,2,1,0,02/06/2003
Public Interface,org.jfree.chart.urls.XYZURLGenerator,2,1,0,02/06/2003
Public Interface,org.jfree.data.DomainInfo,1,3,0,02/06/2003
Public Interface,org.jfree.data.KeyedValue,1,1,0,02/06/2003
Public Interface,org.jfree.data.KeyedValues,3,4,0,02/06/2003
Public Interface,org.jfree.data.KeyedValues2D,3,7,0,02/06/2003
Public Interface,org.jfree.data.RangeInfo,1,3,0,02/06/2003
Public Interface,org.jfree.data.Value,1,1,0,02/06/2003
Public Interface,org.jfree.data.Values,1,2,0,02/06/2003
Public Interface,org.jfree.data.Values2D,1,3,0,02/06/2003
Public Interface,org.jfree.data.category.CategoryDataset,0,0,0,02/06/2003
Public Interface,org.jfree.data.category.IntervalCategoryDataset,2,4,0,02/06/2003
Public Interface,org.jfree.data.contour.ContourDataset,2,9,0,02/06/2003
Public Interface,org.jfree.data.function.Function2D,0,1,0,02/06/2003
Public Interface,org.jfree.data.gantt.GanttCategoryDataset,2,10,0,02/06/2003
Public Interface,org.jfree.data.general.CombinationDataset,1,2,0,02/06/2003
Public Interface,org.jfree.data.general.Dataset,2,4,0,02/06/2003
Public Interface,org.jfree.data.general.DatasetChangeListener,1,1,0,02/06/2003
Public Interface,org.jfree.data.general.KeyedValueDataset,0,0,0,02/06/2003
Public Interface,org.jfree.data.general.KeyedValues2DDataset,0,0,0,02/06/2003
Public Interface,org.jfree.data.general.KeyedValuesDataset,0,0,0,02/06/2003
Public Interface,org.jfree.data.general.PieDataset,0,0,0,02/06/2003
Public Interface,org.jfree.data.general.SeriesChangeListener,1,1,0,02/06/2003
Public Interface,org.jfree.data.general.SeriesDataset,1,3,0,02/06/2003
Public Interface,org.jfree.data.general.ValueDataset,0,0,0,02/06/2003
Public Interface,org.jfree.data.statistics.BoxAndWhiskerCategoryDataset,3,18,0,02/06/2003
Public Interface,org.jfree.data.statistics.BoxAndWhiskerXYDataset,2,11,0,02/06/2003
Public Interface,org.jfree.data.statistics.StatisticalCategoryDataset,2,4,0,02/06/2003
Public Interface,org.jfree.data.time.TimePeriod,1,2,0,02/06/2003
Public Interface,org.jfree.data.xml.DatasetTags,1,0,0,02/06/2003
Public Interface,org.jfree.data.xy.IntervalXYDataset,1,8,0,02/06/2003
Public Interface,org.jfree.data.xy.IntervalXYZDataset,1,6,0,02/06/2003
Public Interface,org.jfree.data.xy.OHLCDataset,1,10,0,02/06/2003
Public Interface,org.jfree.data.xy.TableXYDataset,0,1,0,02/06/2003
Public Interface,org.jfree.data.xy.WindDataset,1,2,0,02/06/2003
Public Interface,org.jfree.data.xy.XYDataset,2,6,0,02/06/2003
Public Interface,org.jfree.data.xy.XYZDataset,1,2,0,02/06/2003
Public Interface,org.jfree.data.xy.XisSymbolic,2,3,0,02/06/2003
Public Interface,org.jfree.data.xy.YisSymbolic,2,3,0,02/06/2003
Public Interface,org.jfree.experimental.chart.plot.dial.DialFrame,2,1,0,02/06/2003
Public Interface,org.jfree.experimental.chart.plot.dial.DialLayer,5,6,0,02/06/2003
Public Interface,org.jfree.experimental.chart.plot.dial.DialLayerChangeListener,1,1,0,02/06/2003
Public Interface,org.jfree.experimental.chart.plot.dial.DialScale,0,2,0,02/06/2003
Public Interface,org.jfree.experimental.data.xy.VectorXYDataset,1,4,0,02/06/2003
Public Static Class,org.jfree.chart.renderer.xy.DeviationRenderer.State,3,1,0,02/06/2003
Public Static Class,org.jfree.chart.renderer.xy.StandardXYItemRenderer.State,2,5,73,02/06/2003
Public Static Class,org.jfree.chart.renderer.xy.XYLineAndShapeRenderer.State,2,3,66,02/06/2003
Public Static Class,org.jfree.experimental.chart.plot.dial.DialPointer.Pin,16,8,50,02/06/2003
Public Static Class,org.jfree.experimental.chart.plot.dial.DialPointer.Pointer,17,6,33,02/06/2003
Static Class,org.jfree.chart.annotations.junit.XYDrawableAnnotationTests.TestDrawable,2,3,0,02/06/2003
Static Class,org.jfree.chart.axis.junit.DateAxisTests.MyDateAxis,3,2,0,02/06/2003
Static Class,org.jfree.chart.axis.junit.LogarithmicAxisTests.MyLogarithmicAxis,1,2,0,02/06/2003
Static Class,org.jfree.chart.junit.AreaChartTests.LocalListener,1,1,0,02/06/2003
Static Class,org.jfree.chart.junit.BarChart3DTests.LocalListener,1,1,0,02/06/2003
Static Class,org.jfree.chart.junit.BarChartTests.LocalListener,1,1,0,02/06/2003
Static Class,org.jfree.chart.junit.GanttChartTests.LocalListener,1,1,0,02/06/2003
Static Class,org.jfree.chart.junit.LineChart3DTests.LocalListener,1,1,0,02/06/2003
Static Class,org.jfree.chart.junit.LineChartTests.LocalListener,1,1,0,02/06/2003
Static Class,org.jfree.chart.junit.PieChart3DTests.LocalListener,1,1,0,02/06/2003
Static Class,org.jfree.chart.junit.PieChartTests.LocalListener,1,1,0,02/06/2003
Static Class,org.jfree.chart.junit.ScatterPlotTests.LocalListener,1,1,0,02/06/2003
Static Class,org.jfree.chart.junit.StackedAreaChartTests.LocalListener,1,1,0,02/06/2003
Static Class,org.jfree.chart.junit.StackedBarChart3DTests.LocalListener,1,1,0,02/06/2003
Static Class,org.jfree.chart.junit.StackedBarChartTests.LocalListener,1,1,0,02/06/2003
Static Class,org.jfree.chart.junit.TimeSeriesChartTests.LocalListener,1,1,0,02/06/2003
Static Class,org.jfree.chart.junit.XYAreaChartTests.LocalListener,1,1,0,02/06/2003
Static Class,org.jfree.chart.junit.XYBarChartTests.LocalListener,1,1,0,02/06/2003
Static Class,org.jfree.chart.junit.XYLineChartTests.LocalListener,1,1,0,02/06/2003
Static Class,org.jfree.chart.junit.XYStepAreaChartTests.LocalListener,1,1,0,02/06/2003
Static Class,org.jfree.chart.junit.XYStepChartTests.LocalListener,1,1,0,02/06/2003
Static Class,org.jfree.chart.renderer.category.junit.StackedBarRenderer3DTests.MyRenderer,3,1,0,02/06/2003
Static Class,org.jfree.chart.renderer.junit.AbstractRendererTests.MyRendererChangeListener,1,2,0,02/06/2003
Static Class,org.jfree.chart.renderer.xy.StackedXYAreaRenderer.StackedXYAreaRendererState,5,8,65,02/06/2003
Static Class,org.jfree.chart.renderer.xy.XYAreaRenderer.XYAreaRendererState,4,1,0,02/06/2003
Static Class,org.jfree.data.junit.ComparableObjectSeriesTests.MyComparableObjectSeries,2,4,0,02/06/2003
Static Class,org.jfree.data.time.junit.TimePeriodValuesTests.MySeriesChangeListener,1,4,0,02/06/2003
